gene,Tumor epithelial (HPV+),Tumor epithelial (HPV-),CAF fibroblast,Endothelial,Pericyte,CD8 T effector,CD8 T exhausted,CD4 T cell,Treg,NK cell,B cell,Plasma cell,Macrophage,Dendritic cell,Neutrophil,Monocyte
CHRM3,37.22,181.2,61.39,71.02,52.31,8.17,21.57,5.12,8.59,9.23,4.48,2.7,18.17,15.44,8.89,9.55
HTR2A,62.79,70.88,35.23,40.98,49.36,15.7,10.83,13.94,13.32,12.43,7.26,8.19,10.83,9.85,7.59,10.75
AGTR1,92.17,110.15,95.38,38.35,51.71,17.83,12.7,8.86,10.49,10.29,14.05,5.49,13.44,9.65,8.3,11.62
EDNRA,125.0,88.92,106.94,60.78,63.77,16.85,15.84,19.54,11.16,17.11,12.31,4.11,10.99,9.09,9.94,8.3
HRH1,99.81,168.69,70.65,70.49,62.35,17.48,12.06,32.09,12.85,18.92,10.14,9.3,15.08,11.02,7.56,8.0
GRM5,60.71,46.51,45.51,40.53,23.56,22.52,9.02,12.66,11.44,10.97,11.09,6.05,11.87,10.43,8.63,8.51
P2RY2,48.3,72.91,44.28,37.35,24.95,6.5,21.41,4.09,5.14,7.57,3.95,3.1,19.54,14.18,7.95,11.84
F2R,44.89,62.49,46.4,22.29,44.11,5.97,18.27,5.59,8.62,7.88,5.19,4.56,9.54,12.67,6.69,11.61
CASR,72.55,82.55,76.96,43.01,39.94,16.21,14.05,17.76,10.06,16.56,9.74,11.06,10.03,10.84,9.34,13.51
FFAR1,60.2,72.47,56.35,45.68,41.48,14.87,12.51,24.98,16.75,10.78,11.81,9.79,9.74,14.87,8.21,10.97
CXCR4,16.08,20.39,20.16,22.62,23.44,59.35,99.38,101.75,73.59,89.64,91.21,40.33,35.39,36.14,29.74,35.78
CCR5,25.07,16.01,21.56,20.98,19.76,97.86,71.75,86.44,93.55,70.13,60.14,33.11,38.59,35.9,30.38,32.16
CCR4,7.65,7.0,17.11,14.22,10.85,73.57,96.66,59.29,161.89,53.56,94.92,37.4,55.78,61.87,74.84,28.59
CXCR3,7.13,10.71,13.46,12.68,10.51,78.37,64.67,69.81,84.19,132.14,89.74,26.04,55.59,40.72,37.74,40.3
CCR7,7.64,10.07,18.6,15.83,11.97,97.43,147.6,98.53,105.33,113.03,94.26,37.14,43.71,73.06,53.47,47.63
CXCR2,6.64,11.77,16.7,20.71,13.26,87.47,112.02,118.76,77.63,128.54,96.9,80.03,48.45,70.78,35.52,48.34
S1PR1,9.64,7.82,7.4,15.52,10.58,81.54,95.21,105.11,58.71,93.5,69.25,20.64,36.27,53.16,45.24,50.83
P2RY12,8.09,8.88,19.69,17.67,10.72,111.46,95.11,115.81,103.91,218.23,52.09,38.35,48.52,54.72,28.76,51.03
ADORA3,6.03,5.89,12.53,9.29,8.71,53.99,66.89,62.41,53.71,41.58,55.95,23.99,44.19,51.13,35.11,23.71
CNR2,12.2,22.72,19.5,21.58,25.97,64.68,63.63,66.64,89.82,109.6,78.04,42.71,25.67,41.76,17.98,39.34
DRD2,17.7,16.46,16.6,11.56,13.71,72.07,41.65,63.44,44.34,47.65,44.09,14.41,19.95,26.88,17.73,11.68
OPRM1,5.82,12.64,14.95,16.92,11.26,82.26,93.02,85.2,54.48,83.44,92.02,29.73,28.46,56.37,28.06,42.93
GRM2,15.11,13.62,16.49,16.3,17.79,66.42,36.17,79.88,51.08,67.2,43.18,28.15,33.63,28.62,24.95,25.98
HTR1A,11.43,24.09,21.56,17.61,10.63,65.85,54.75,89.82,85.25,122.13,104.92,46.55,40.6,58.41,28.73,41.71
ADRB2,30.13,21.81,19.45,10.52,10.37,16.08,53.92,16.89,20.76,17.14,7.47,6.51,29.22,19.04,36.33,26.4
ADORA2A,21.36,21.99,18.19,14.18,12.07,13.28,97.16,13.22,19.59,17.63,5.56,5.8,24.13,29.69,28.46,17.06
PTGER4,22.32,25.97,15.66,15.75,17.57,18.96,76.61,18.43,16.74,14.75,10.57,5.13,48.91,41.98,17.04,33.78
PTGER2,28.11,19.98,20.15,11.16,13.06,16.8,44.17,15.0,26.44,13.55,4.15,4.76,18.41,20.05,27.65,22.45
DRD1,18.39,23.42,14.0,21.56,12.11,48.12,211.35,25.65,44.52,65.05,36.45,12.14,81.22,52.54,97.11,72.38
GLP1R,19.87,23.3,15.9,11.77,12.12,46.12,101.9,38.97,51.31,45.7,19.3,11.34,51.09,68.67,71.34,57.7
MC1R,13.61,8.18,11.85,10.58,9.71,22.18,65.93,33.43,52.22,39.95,20.37,7.9,41.85,45.47,39.54,75.83
VIPR1,19.46,21.09,12.72,11.45,18.95,37.5,106.52,31.46,53.2,36.29,27.35,14.89,74.36,77.41,62.8,78.69
GPBAR1,22.91,18.95,22.8,11.26,10.59,16.6,62.67,30.03,28.82,21.17,12.47,10.04,55.52,35.79,25.57,35.36
TSHR,23.25,21.93,17.81,9.58,18.31,36.14,151.86,42.55,37.07,40.8,17.81,11.83,59.16,101.16,96.2,76.02
GPR87,105.88,105.27,130.91,48.94,68.4,4.08,4.53,3.19,4.07,4.52,4.85,4.44,17.29,7.47,6.17,8.27
GPRC5A,102.7,62.43,57.17,55.61,31.46,6.72,6.4,5.26,5.25,5.13,5.96,6.94,10.26,3.28,3.3,4.26
GPR160,132.13,105.54,16.25,9.93,5.1,3.74,4.23,3.82,4.6,3.44,4.71,4.99,5.84,5.14,4.14,5.82
GPR174,5.34,6.75,10.21,10.74,11.89,48.07,53.62,86.02,85.22,97.58,61.08,24.97,18.08,22.25,25.81,29.55
GPR65,13.95,17.04,12.97,7.92,14.22,24.12,66.58,26.3,32.6,29.67,12.47,6.12,82.24,53.72,46.07,43.25
GPR132,2.27,1.93,3.86,5.45,3.01,4.16,4.68,3.1,5.48,2.97,3.38,2.59,61.94,8.72,7.76,19.36
GPR171,4.14,3.93,4.65,3.72,2.5,10.97,79.27,8.7,43.86,18.12,5.11,4.16,4.85,2.65,3.87,5.53
GPR20,2.92,3.75,3.1,3.22,3.31,8.51,10.62,22.79,72.08,14.02,2.06,3.46,3.51,3.43,3.96,2.17
GPR35,2.56,58.86,13.3,27.45,35.07,13.55,26.76,24.43,49.57,1.81,21.3,15.06,31.62,38.43,36.66,5.98
GPR37,53.91,4.43,50.87,12.76,16.25,19.02,53.28,38.86,33.77,14.79,9.84,37.88,55.56,8.99,22.19,27.71
GPR19,27.8,54.23,8.09,5.15,6.21,59.94,30.97,32.77,23.77,51.62,46.9,45.1,30.02,7.3,23.01,18.6
GPR82,43.0,26.17,10.04,37.57,20.98,46.91,2.6,48.65,23.0,4.56,20.57,1.45,38.86,58.58,24.92,53.05
PDCD1,4.39,4.72,4.62,3.32,4.83,15.99,99.42,11.82,61.98,25.68,3.4,4.57,7.62,3.85,5.0,5.03
HAVCR2,2.22,1.97,2.82,3.34,3.19,14.17,72.45,5.88,25.6,16.03,4.3,2.01,4.91,3.39,3.91,4.59
LAG3,2.46,2.32,2.67,1.74,2.27,11.33,64.5,7.46,23.77,14.76,2.82,3.86,3.68,2.84,4.47,3.44
TIGIT,3.71,4.06,3.25,4.05,4.06,12.52,83.76,6.81,28.65,16.27,2.41,2.07,5.56,4.14,3.98,4.62
TOX,5.11,6.56,4.41,3.87,5.48,18.28,89.73,11.3,48.34,26.59,3.91,3.78,6.26,2.68,4.85,6.17
CTLA4,6.05,3.79,4.78,3.68,2.99,19.64,90.44,8.83,42.92,16.82,4.35,3.7,7.48,5.11,5.56,5.51
ENTPD1,19.35,17.5,23.34,21.03,14.0,14.07,113.29,11.15,61.39,7.53,6.58,6.75,18.13,11.38,7.98,11.06
CCN1,88.68,146.48,134.06,52.6,88.44,5.43,4.88,6.01,6.71,6.31,5.04,5.21,12.88,10.64,9.33,9.63
CCN2,99.82,109.16,91.23,31.78,48.99,2.96,5.64,3.48,4.44,4.64,4.06,2.62,10.27,4.87,5.16,8.3
ANKRD1,107.01,160.79,106.38,47.49,55.88,3.63,4.06,4.07,5.34,5.96,6.07,4.14,11.24,7.87,6.91,9.18
AXL,71.63,108.92,87.88,34.23,37.78,2.62,4.93,4.95,4.04,4.21,5.56,2.8,12.24,6.74,4.65,4.91
AMOTL2,157.01,124.6,133.19,77.57,65.61,5.31,6.5,6.14,5.08,7.17,6.73,4.94,13.73,7.78,4.99,9.08
FOXP3,2.83,3.13,4.63,2.76,2.56,10.27,24.93,25.44,140.26,7.8,4.21,2.6,6.34,5.65,4.48,4.14
IL2RA,3.2,3.61,2.73,2.57,4.76,9.31,18.51,22.11,89.81,9.78,3.22,3.18,4.0,4.82,2.27,5.12
IKZF2,2.74,2.78,4.4,3.29,3.79,10.51,17.98,32.39,155.68,11.96,3.19,3.42,3.85,4.84,5.82,4.57
GZMB,1.57,2.3,2.93,2.74,2.94,69.34,36.99,8.37,7.54,69.42,2.71,5.57,3.75,3.33,10.52,3.81
PRF1,2.57,2.87,2.17,3.1,2.01,88.18,49.37,7.8,10.97,52.35,2.28,5.79,4.18,4.92,7.04,7.03
IFNG,5.13,4.16,4.94,4.07,4.55,135.63,53.82,16.43,18.3,78.84,3.02,8.55,7.16,7.28,12.08,12.05
NKG7,4.01,3.84,4.3,4.04,4.06,104.9,64.3,11.07,9.71,116.08,3.9,4.93,5.46,3.78,9.73,9.65
GZMA,3.34,3.61,2.43,3.27,3.05,62.79,59.66,10.08,8.31,96.21,3.52,4.41,5.55,5.38,11.95,5.86
GNLY,4.15,4.24,3.05,4.86,3.37,121.77,76.03,15.55,9.91,132.25,4.41,6.98,6.37,7.82,16.13,10.11
CA9,72.86,94.89,51.4,19.61,19.08,9.24,15.97,11.06,9.48,7.71,8.69,12.14,36.71,16.94,20.16,21.87
VEGFA,48.23,81.36,36.62,24.16,10.8,11.61,5.94,6.37,5.63,7.41,6.54,8.68,18.38,11.1,9.11,14.99
SLC2A1,97.07,83.26,49.6,48.9,45.82,15.49,19.6,14.15,20.21,12.4,19.08,12.9,65.96,20.58,50.95,23.81
LDHA,142.17,212.3,79.36,27.35,31.28,10.19,19.92,16.27,19.86,17.11,18.86,13.84,69.24,38.63,42.58,20.98
BNIP3,95.44,98.54,56.27,34.3,23.67,15.89,19.61,12.42,16.48,12.63,9.52,16.08,29.3,14.36,21.55,20.29
PGK1,94.98,97.75,34.7,22.45,19.18,13.61,17.35,4.92,13.19,11.43,10.36,10.56,32.41,18.95,23.35,13.65
PTGS2,68.74,64.87,19.35,6.5,8.09,5.43,3.38,5.42,3.68,5.65,4.07,3.33,49.31,21.75,16.5,13.83
PTGES,47.38,81.32,30.27,7.98,8.74,5.15,4.95,6.15,3.96,4.04,4.76,3.37,58.42,27.93,13.39,28.08
NT5E,80.3,98.71,121.59,90.7,65.77,7.6,9.63,7.66,7.19,8.01,5.85,8.72,14.99,5.75,9.68,9.43
CXCL12,11.76,9.81,73.22,29.54,41.24,2.73,3.74,2.95,3.42,4.04,2.8,5.96,6.24,2.54,3.38,4.9
TP53,64.34,102.75,56.57,35.69,37.08,5.39,5.4,7.39,7.48,4.58,3.39,4.83,8.32,4.22,5.53,4.36
PTPRC,7.62,6.73,10.63,18.48,8.0,123.2,67.46,80.85,50.85,105.82,47.78,35.19,34.45,28.84,38.64,47.76
EPCAM,131.96,153.93,16.41,14.87,10.22,6.69,4.96,5.0,7.24,5.39,6.27,5.61,12.68,5.18,8.88,9.7
CD8A,5.05,2.85,8.07,7.68,8.27,98.93,51.36,56.15,65.45,61.42,64.73,29.13,15.78,21.66,21.62,9.8
