gene,primary,source
CHRM3,Gq,curated from memory; NOT verified
HTR2A,Gq,curated from memory; NOT verified
AGTR1,Gq,curated from memory; NOT verified
EDNRA,Gq,curated from memory; NOT verified
HRH1,Gq,curated from memory; NOT verified
GRM5,Gq,curated from memory; NOT verified
P2RY2,Gq,curated from memory; NOT verified
F2R,Gq,curated from memory; NOT verified
CASR,Gq,curated from memory; NOT verified
FFAR1,Gq,curated from memory; NOT verified
CXCR4,Gi,curated from memory; NOT verified
CCR5,Gi,curated from memory; NOT verified
CCR4,Gi,curated from memory; NOT verified
CXCR3,Gi,curated from memory; NOT verified
CCR7,Gi,curated from memory; NOT verified
CXCR2,Gi,curated from memory; NOT verified
S1PR1,Gi,curated from memory; NOT verified
P2RY12,Gi,curated from memory; NOT verified
ADORA3,Gi,curated from memory; NOT verified
CNR2,Gi,curated from memory; NOT verified
DRD2,Gi,curated from memory; NOT verified
OPRM1,Gi,curated from memory; NOT verified
GRM2,Gi,curated from memory; NOT verified
HTR1A,Gi,curated from memory; NOT verified
ADRB2,Gs,curated from memory; NOT verified
ADORA2A,Gs,curated from memory; NOT verified
PTGER4,Gs,curated from memory; NOT verified
PTGER2,Gs,curated from memory; NOT verified
DRD1,Gs,curated from memory; NOT verified
GLP1R,Gs,curated from memory; NOT verified
MC1R,Gs,curated from memory; NOT verified
VIPR1,Gs,curated from memory; NOT verified
GPBAR1,Gs,curated from memory; NOT verified
TSHR,Gs,curated from memory; NOT verified
