gene,log2FoldChange,padj
CHRM3,1.299,2.852e-05
HTR2A,-0.497,0.01850364
AGTR1,-0.459,0.0594494
EDNRA,-0.084,0.2423169
HRH1,-0.501,0.03792424
GRM5,-1.231,3.279e-05
P2RY2,1.579,5.61e-06
F2R,1.467,1.12e-05
CASR,-0.193,0.42190713
FFAR1,-0.232,0.05618499
CXCR4,0.734,0.00353213
CCR5,-0.442,0.02847517
CCR4,0.389,0.08810401
CXCR3,-0.273,0.04367516
CCR7,0.594,0.02212439
CXCR2,0.353,0.17307157
S1PR1,0.221,0.16174194
P2RY12,-0.227,0.48215146
ADORA3,0.304,0.22025369
CNR2,-0.023,1.0
DRD2,-0.777,0.00446426
OPRM1,0.175,0.10990434
GRM2,-0.859,0.00263475
HTR1A,-0.262,0.12202114
ADRB2,1.685,1.22e-06
ADORA2A,2.781,0.0
PTGER4,1.959,9e-08
PTGER2,1.343,5.936e-05
DRD1,2.112,6e-08
GLP1R,1.127,0.00027045
MC1R,1.53,5.61e-06
VIPR1,1.482,5.02e-06
GPBAR1,1.855,2.7e-07
TSHR,2.041,1.4e-07
GPR87,0.122,0.98002027
GPRC5A,-0.061,0.8418631
GPR160,0.142,0.80916858
GPR174,0.155,0.73939431
GPR65,1.428,9.05e-06
GPR132,0.139,0.12458836
GPR171,2.745,0.0
GPR20,0.289,0.12844077
GPR35,0.932,0.00151988
GPR37,1.439,2.174e-05
GPR19,-0.931,0.00162794
GPR82,-3.734,0.0
PDCD1,2.563,0.0
HAVCR2,2.276,2e-08
LAG3,2.409,1e-08
TIGIT,2.648,0.0
TOX,2.234,3e-08
CTLA4,2.147,8e-08
ENTPD1,2.923,0.0
CCN1,-0.129,0.90039561
CCN2,0.746,0.0025794
ANKRD1,0.128,0.76302724
AXL,0.712,0.00189198
AMOTL2,0.249,0.19783103
FOXP3,1.202,6.332e-05
IL2RA,0.92,0.00075072
IKZF2,0.722,0.00622333
GZMB,-0.889,0.00051568
PRF1,-0.824,0.00336702
IFNG,-1.318,5.152e-05
NKG7,-0.698,0.00231784
GZMA,-0.073,0.64637975
GNLY,-0.672,0.00969572
CA9,0.729,0.00250547
VEGFA,-0.862,0.0007096
SLC2A1,0.321,0.07551461
LDHA,0.903,0.00175491
BNIP3,0.287,0.20530829
PGK1,0.329,0.10052708
PTGS2,-0.554,0.02612261
PTGES,-0.048,0.57327795
NT5E,0.306,0.23790416
CXCL12,0.346,0.11254602
TP53,0.002,1.0
PTPRC,-0.859,0.00159196
EPCAM,-0.368,0.09742795
CD8A,-0.932,0.0007041
