gene,status,source,note
CHRM3,characterized,DEMO status for the synthetic example only,load the Guide to Pharmacology file for real statuses
HTR2A,characterized,DEMO status for the synthetic example only,load the Guide to Pharmacology file for real statuses
AGTR1,characterized,DEMO status for the synthetic example only,load the Guide to Pharmacology file for real statuses
EDNRA,characterized,DEMO status for the synthetic example only,load the Guide to Pharmacology file for real statuses
HRH1,characterized,DEMO status for the synthetic example only,load the Guide to Pharmacology file for real statuses
GRM5,characterized,DEMO status for the synthetic example only,load the Guide to Pharmacology file for real statuses
P2RY2,characterized,DEMO status for the synthetic example only,load the Guide to Pharmacology file for real statuses
F2R,characterized,DEMO status for the synthetic example only,load the Guide to Pharmacology file for real statuses
CASR,characterized,DEMO status for the synthetic example only,load the Guide to Pharmacology file for real statuses
FFAR1,characterized,DEMO status for the synthetic example only,load the Guide to Pharmacology file for real statuses
CXCR4,characterized,DEMO status for the synthetic example only,load the Guide to Pharmacology file for real statuses
CCR5,characterized,DEMO status for the synthetic example only,load the Guide to Pharmacology file for real statuses
CCR4,characterized,DEMO status for the synthetic example only,load the Guide to Pharmacology file for real statuses
CXCR3,characterized,DEMO status for the synthetic example only,load the Guide to Pharmacology file for real statuses
CCR7,characterized,DEMO status for the synthetic example only,load the Guide to Pharmacology file for real statuses
CXCR2,characterized,DEMO status for the synthetic example only,load the Guide to Pharmacology file for real statuses
S1PR1,characterized,DEMO status for the synthetic example only,load the Guide to Pharmacology file for real statuses
P2RY12,characterized,DEMO status for the synthetic example only,load the Guide to Pharmacology file for real statuses
ADORA3,characterized,DEMO status for the synthetic example only,load the Guide to Pharmacology file for real statuses
CNR2,characterized,DEMO status for the synthetic example only,load the Guide to Pharmacology file for real statuses
DRD2,characterized,DEMO status for the synthetic example only,load the Guide to Pharmacology file for real statuses
OPRM1,characterized,DEMO status for the synthetic example only,load the Guide to Pharmacology file for real statuses
GRM2,characterized,DEMO status for the synthetic example only,load the Guide to Pharmacology file for real statuses
HTR1A,characterized,DEMO status for the synthetic example only,load the Guide to Pharmacology file for real statuses
ADRB2,characterized,DEMO status for the synthetic example only,load the Guide to Pharmacology file for real statuses
ADORA2A,characterized,DEMO status for the synthetic example only,load the Guide to Pharmacology file for real statuses
PTGER4,characterized,DEMO status for the synthetic example only,load the Guide to Pharmacology file for real statuses
PTGER2,characterized,DEMO status for the synthetic example only,load the Guide to Pharmacology file for real statuses
DRD1,characterized,DEMO status for the synthetic example only,load the Guide to Pharmacology file for real statuses
GLP1R,characterized,DEMO status for the synthetic example only,load the Guide to Pharmacology file for real statuses
MC1R,characterized,DEMO status for the synthetic example only,load the Guide to Pharmacology file for real statuses
VIPR1,characterized,DEMO status for the synthetic example only,load the Guide to Pharmacology file for real statuses
GPBAR1,characterized,DEMO status for the synthetic example only,load the Guide to Pharmacology file for real statuses
TSHR,characterized,DEMO status for the synthetic example only,load the Guide to Pharmacology file for real statuses
GPR87,orphan,DEMO status for the synthetic example only,load the Guide to Pharmacology file for real statuses
GPRC5A,orphan,DEMO status for the synthetic example only,load the Guide to Pharmacology file for real statuses
GPR160,orphan,DEMO status for the synthetic example only,load the Guide to Pharmacology file for real statuses
GPR174,orphan,DEMO status for the synthetic example only,load the Guide to Pharmacology file for real statuses
GPR65,orphan,DEMO status for the synthetic example only,load the Guide to Pharmacology file for real statuses
GPR132,orphan,DEMO status for the synthetic example only,load the Guide to Pharmacology file for real statuses
GPR171,orphan,DEMO status for the synthetic example only,load the Guide to Pharmacology file for real statuses
GPR20,orphan,DEMO status for the synthetic example only,load the Guide to Pharmacology file for real statuses
GPR35,orphan,DEMO status for the synthetic example only,load the Guide to Pharmacology file for real statuses
GPR37,orphan,DEMO status for the synthetic example only,load the Guide to Pharmacology file for real statuses
GPR19,orphan,DEMO status for the synthetic example only,load the Guide to Pharmacology file for real statuses
GPR82,orphan,DEMO status for the synthetic example only,load the Guide to Pharmacology file for real statuses
